[
  {
    "model": "projects.developer",
    "pk": 1,
    "fields": {
      "username": "alice",
      "password": "pbkdf2_sha256$260000$fake$hash",
      "position": "backend",
      "tech_stack": "Python, Django",
      "linkedin_url": "https://linkedin.com/in/alice",
      "portfolio_url": "https://portfolio.com/alice",
      "telegram_contact": "@alice",
      "discord_contact": "alice#1234"
    }
  },
  {
    "model": "projects.developer",
    "pk": 2,
    "fields": {
      "username": "bob",
      "password": "pbkdf2_sha256$260000$fake$hash",
      "position": "frontend",
      "tech_stack": "React, TypeScript",
      "linkedin_url": "https://linkedin.com/in/bob",
      "portfolio_url": "https://portfolio.com/bob",
      "telegram_contact": "@bob",
      "discord_contact": "bob#5678"
    }
  },
  {
    "model": "projects.developer",
    "pk": 3,
    "fields": {
      "username": "carol",
      "password": "pbkdf2_sha256$260000$fake$hash",
      "position": "qa",
      "tech_stack": "Selenium, PyTest",
      "linkedin_url": "https://linkedin.com/in/carol",
      "portfolio_url": "https://portfolio.com/carol",
      "telegram_contact": "@carol",
      "discord_contact": "carol#9012"
    }
  },
  {
    "model": "projects.developer",
    "pk": 4,
    "fields": {
      "username": "dave",
      "password": "pbkdf2_sha256$260000$fake$hash",
      "position": "designer",
      "tech_stack": "Figma, Photoshop",
      "linkedin_url": "https://linkedin.com/in/dave",
      "portfolio_url": "https://portfolio.com/dave",
      "telegram_contact": "@dave",
      "discord_contact": "dave#3456"
    }
  },
  {
    "model": "projects.developer",
    "pk": 5,
    "fields": {
      "username": "eva",
      "password": "pbkdf2_sha256$260000$fake$hash",
      "position": "pm",
      "tech_stack": "Agile, Scrum",
      "linkedin_url": "https://linkedin.com/in/eva",
      "portfolio_url": "https://portfolio.com/eva",
      "telegram_contact": "@eva",
      "discord_contact": "eva#7890"
    }
  },
  {
    "model": "projects.developer",
    "pk": 6,
    "fields": {
      "username": "frank",
      "password": "pbkdf2_sha256$260000$fake$hash",
      "position": "mentor",
      "tech_stack": "Architecture, DevOps",
      "linkedin_url": "https://linkedin.com/in/frank",
      "portfolio_url": "https://portfolio.com/frank",
      "telegram_contact": "@frank",
      "discord_contact": "frank#1111"
    }
  },
  {
    "model": "projects.developer",
    "pk": 7,
    "fields": {
      "username": "grace",
      "password": "pbkdf2_sha256$260000$fake$hash",
      "position": "backend",
      "tech_stack": "Go, PostgreSQL",
      "linkedin_url": "https://linkedin.com/in/grace",
      "portfolio_url": "https://portfolio.com/grace",
      "telegram_contact": "@grace",
      "discord_contact": "grace#2222"
    }
  },
  {
    "model": "projects.developer",
    "pk": 8,
    "fields": {
      "username": "henry",
      "password": "pbkdf2_sha256$260000$fake$hash",
      "position": "frontend",
      "tech_stack": "Vue.js, Tailwind",
      "linkedin_url": "https://linkedin.com/in/henry",
      "portfolio_url": "https://portfolio.com/henry",
      "telegram_contact": "@henry",
      "discord_contact": "henry#3333"
    }
  },
  {
    "model": "projects.developer",
    "pk": 9,
    "fields": {
      "username": "irene",
      "password": "pbkdf2_sha256$260000$fake$hash",
      "position": "qa",
      "tech_stack": "Cypress, Jest",
      "linkedin_url": "https://linkedin.com/in/irene",
      "portfolio_url": "https://portfolio.com/irene",
      "telegram_contact": "@irene",
      "discord_contact": "irene#4444"
    }
  },
  {
    "model": "projects.developer",
    "pk": 10,
    "fields": {
      "username": "jack",
      "password": "pbkdf2_sha256$260000$fake$hash",
      "position": "designer",
      "tech_stack": "Illustrator, Blender",
      "linkedin_url": "https://linkedin.com/in/jack",
      "portfolio_url": "https://portfolio.com/jack",
      "telegram_contact": "@jack",
      "discord_contact": "jack#5555"
    }
  },

  { "model": "projects.tag", "pk": 1, "fields": { "name": "Django" } },
  { "model": "projects.tag", "pk": 2, "fields": { "name": "React" } },
  { "model": "projects.tag", "pk": 3, "fields": { "name": "QA" } },
  { "model": "projects.tag", "pk": 4, "fields": { "name": "Design" } },
  { "model": "projects.tag", "pk": 5, "fields": { "name": "PM" } },
  { "model": "projects.tag", "pk": 6, "fields": { "name": "DevOps" } },
  { "model": "projects.tag", "pk": 7, "fields": { "name": "API" } },
  { "model": "projects.tag", "pk": 8, "fields": { "name": "Mobile" } },
  { "model": "projects.tag", "pk": 9, "fields": { "name": "AI" } },
  { "model": "projects.tag", "pk": 10, "fields": { "name": "Blockchain" } },

  {
    "model": "projects.project",
    "pk": 1,
    "fields": {
      "name": "Project Alpha",
      "description": "Backend + frontend project",
      "owner": 1,
      "score": 4.5,
      "project_url": "https://github.com/example/alpha",
      "created_at": "2025-09-01T12:00:00Z"
    }
  },
  {
    "model": "projects.project",
    "pk": 2,
    "fields": {
      "name": "Project Beta",
      "description": "QA automation system",
      "owner": 2,
      "score": 4.2,
      "project_url": "https://github.com/example/beta",
      "created_at": "2025-09-02T12:00:00Z"
    }
  },
  {
    "model": "projects.project",
    "pk": 3,
    "fields": {
      "name": "Project Gamma",
      "description": "Design collaboration",
      "owner": 3,
      "score": 3.8,
      "project_url": "https://github.com/example/gamma",
      "created_at": "2025-09-03T12:00:00Z"
    }
  },
  {
    "model": "projects.project",
    "pk": 4,
    "fields": {
      "name": "Project Delta",
      "description": "AI assistant",
      "owner": 4,
      "score": 4.9,
      "project_url": "https://github.com/example/delta",
      "created_at": "2025-09-04T12:00:00Z"
    }
  },
  {
    "model": "projects.project",
    "pk": 5,
    "fields": {
      "name": "Project Epsilon",
      "description": "Mobile app",
      "owner": 5,
      "score": 4.3,
      "project_url": "https://github.com/example/epsilon",
      "created_at": "2025-09-05T12:00:00Z"
    }
  },
  {
    "model": "projects.project",
    "pk": 6,
    "fields": {
      "name": "Project Zeta",
      "description": "Blockchain system",
      "owner": 6,
      "score": 3.7,
      "project_url": "https://github.com/example/zeta",
      "created_at": "2025-09-06T12:00:00Z"
    }
  },
  {
    "model": "projects.project",
    "pk": 7,
    "fields": {
      "name": "Project Eta",
      "description": "DevOps automation",
      "owner": 7,
      "score": 4.0,
      "project_url": "https://github.com/example/eta",
      "created_at": "2025-09-07T12:00:00Z"
    }
  },
  {
    "model": "projects.project",
    "pk": 8,
    "fields": {
      "name": "Project Theta",
      "description": "API gateway",
      "owner": 8,
      "score": 3.9,
      "project_url": "https://github.com/example/theta",
      "created_at": "2025-09-08T12:00:00Z"
    }
  },
  {
    "model": "projects.project",
    "pk": 9,
    "fields": {
      "name": "Project Iota",
      "description": "Data pipeline",
      "owner": 9,
      "score": 4.6,
      "project_url": "https://github.com/example/iota",
      "created_at": "2025-09-09T12:00:00Z"
    }
  },
  {
    "model": "projects.project",
    "pk": 10,
    "fields": {
      "name": "Project Kappa",
      "description": "Game dev",
      "owner": 10,
      "score": 4.1,
      "project_url": "https://github.com/example/kappa",
      "created_at": "2025-09-10T12:00:00Z"
    }
  },

  { "model": "projects.projectmembership", "pk": 1, "fields": { "project": 1, "user": 1, "role": "LEAD", "joined_at": "2025-09-01T12:30:00Z" } },
  { "model": "projects.projectmembership", "pk": 2, "fields": { "project": 1, "user": 2, "role": "DEV", "joined_at": "2025-09-01T12:35:00Z" } },
  { "model": "projects.projectmembership", "pk": 3, "fields": { "project": 1, "user": 5, "role": "PM", "joined_at": "2025-09-01T12:40:00Z" } },

  { "model": "projects.projectmembership", "pk": 4, "fields": { "project": 2, "user": 2, "role": "LEAD", "joined_at": "2025-09-02T12:30:00Z" } },
  { "model": "projects.projectmembership", "pk": 5, "fields": { "project": 2, "user": 3, "role": "DEV", "joined_at": "2025-09-02T12:35:00Z" } },
  { "model": "projects.projectmembership", "pk": 6, "fields": { "project": 2, "user": 5, "role": "PM", "joined_at": "2025-09-02T12:40:00Z" } },

  { "model": "projects.projectmembership", "pk": 7, "fields": { "project": 3, "user": 3, "role": "LEAD", "joined_at": "2025-09-03T12:30:00Z" } },
  { "model": "projects.projectmembership", "pk": 8, "fields": { "project": 3, "user": 4, "role": "DEV", "joined_at": "2025-09-03T12:35:00Z" } },
  { "model": "projects.projectmembership", "pk": 9, "fields": { "project": 3, "user": 5, "role": "PM", "joined_at": "2025-09-03T12:40:00Z" } },

  { "model": "projects.projectmembership", "pk": 10, "fields": { "project": 4, "user": 4, "role": "LEAD", "joined_at": "2025-09-04T12:30:00Z" } },
  { "model": "projects.projectmembership", "pk": 11, "fields": { "project": 4, "user": 6, "role": "DEV", "joined_at": "2025-09-04T12:35:00Z" } },
  { "model": "projects.projectmembership", "pk": 12, "fields": { "project": 4, "user": 5, "role": "PM", "joined_at": "2025-09-04T12:40:00Z" } },

  { "model": "projects.projectmembership", "pk": 13, "fields": { "project": 5, "user": 5, "role": "PM", "joined_at": "2025-09-05T12:30:00Z" } },
  { "model": "projects.projectmembership", "pk": 14, "fields": { "project": 5, "user": 7, "role": "DEV", "joined_at": "2025-09-05T12:35:00Z" } },
  { "model": "projects.projectmembership", "pk": 15, "fields": { "project": 5, "user": 8, "role": "LEAD", "joined_at": "2025-09-05T12:40:00Z" } },

  { "model": "projects.projectmembership", "pk": 16, "fields": { "project": 6, "user": 6, "role": "LEAD", "joined_at": "2025-09-06T12:30:00Z" } },
  { "model": "projects.projectmembership", "pk": 17, "fields": { "project": 6, "user": 9, "role": "DEV", "joined_at": "2025-09-06T12:35:00Z" } },
  { "model": "projects.projectmembership", "pk": 18, "fields": { "project": 6, "user": 5, "role": "PM", "joined_at": "2025-09-06T12:40:00Z" } },

  { "model": "projects.projectmembership", "pk": 19, "fields": { "project": 7, "user": 7, "role": "LEAD", "joined_at": "2025-09-07T12:30:00Z" } },
  { "model": "projects.projectmembership", "pk": 20, "fields": { "project": 7, "user": 8, "role": "DEV", "joined_at": "2025-09-07T12:35:00Z" } },
  { "model": "projects.projectmembership", "pk": 21, "fields": { "project": 7, "user": 5, "role": "PM", "joined_at": "2025-09-07T12:40:00Z" } },

  { "model": "projects.projectmembership", "pk": 22, "fields": { "project": 8, "user": 8, "role": "LEAD", "joined_at": "2025-09-08T12:30:00Z" } },
  { "model": "projects.projectmembership", "pk": 23, "fields": { "project": 8, "user": 9, "role": "DEV", "joined_at": "2025-09-08T12:35:00Z" } },
  { "model": "projects.projectmembership", "pk": 24, "fields": { "project": 8, "user": 5, "role": "PM", "joined_at": "2025-09-08T12:40:00Z" } },

  { "model": "projects.projectmembership", "pk": 25, "fields": { "project": 9, "user": 9, "role": "LEAD", "joined_at": "2025-09-09T12:30:00Z" } },
  { "model": "projects.projectmembership", "pk": 26, "fields": { "project": 9, "user": 10, "role": "DEV", "joined_at": "2025-09-09T12:35:00Z" } },
  { "model": "projects.projectmembership", "pk": 27, "fields": { "project": 9, "user": 5, "role": "PM", "joined_at": "2025-09-09T12:40:00Z" } },

  { "model": "projects.projectmembership", "pk": 28, "fields": { "project": 10, "user": 10, "role": "LEAD", "joined_at": "2025-09-10T12:30:00Z" } },
  { "model": "projects.projectmembership", "pk": 29, "fields": { "project": 10, "user": 1, "role": "DEV", "joined_at": "2025-09-10T12:35:00Z" } },
  { "model": "projects.projectmembership", "pk": 30, "fields": { "project": 10, "user": 5, "role": "PM", "joined_at": "2025-09-10T12:40:00Z" } },

  {
    "model": "projects.task",
    "pk": 1,
    "fields": {
      "title": "Setup backend environment",
      "description": "Install Python, Django and dependencies",
      "status": "todo",
      "assignee": 1,
      "deadline": "2025-09-15T18:00:00Z",
      "created_at": "2025-09-01T12:45:00Z",
      "updated_at": "2025-09-01T12:45:00Z",
      "project": 1,
      "tags": [1,7]
    }
  },
  {
    "model": "projects.task",
    "pk": 2,
    "fields": {
      "title": "Create frontend layout",
      "description": "Build initial React components",
      "status": "in_progress",
      "assignee": 2,
      "deadline": "2025-09-17T18:00:00Z",
      "created_at": "2025-09-01T12:50:00Z",
      "updated_at": "2025-09-01T12:50:00Z",
      "project": 1,
      "tags": [2]
    }
  },
  {
    "model": "projects.task",
    "pk": 3,
    "fields": {
      "title": "Define project milestones",
      "description": "Plan tasks and deadlines",
      "status": "todo",
      "assignee": 5,
      "deadline": "2025-09-12T12:00:00Z",
      "created_at": "2025-09-01T12:55:00Z",
      "updated_at": "2025-09-01T12:55:00Z",
      "project": 1,
      "tags": [5]
    }
  },
  {
    "model": "projects.task",
    "pk": 4,
    "fields": {
      "title": "Write QA test cases",
      "description": "Create test scenarios for automation",
      "status": "in_progress",
      "assignee": 3,
      "deadline": "2025-09-18T18:00:00Z",
      "created_at": "2025-09-02T12:45:00Z",
      "updated_at": "2025-09-02T12:45:00Z",
      "project": 2,
      "tags": [3]
    }
  },
  {
    "model": "projects.task",
    "pk": 5,
    "fields": {
      "title": "Setup CI/CD pipeline",
      "description": "Configure automated builds and tests",
      "status": "todo",
      "assignee": 2,
      "deadline": "2025-09-20T18:00:00Z",
      "created_at": "2025-09-02T12:50:00Z",
      "updated_at": "2025-09-02T12:50:00Z",
      "project": 2,
      "tags": [6]
    }
  },
  {
    "model": "projects.task",
    "pk": 6,
    "fields": {
      "title": "Review test results",
      "description": "Check QA automation outputs",
      "status": "todo",
      "assignee": 5,
      "deadline": "2025-09-22T18:00:00Z",
      "created_at": "2025-09-02T12:55:00Z",
      "updated_at": "2025-09-02T12:55:00Z",
      "project": 2,
      "tags": [3,5]
    }
  },

  {
    "model": "projects.task",
    "pk": 7,
    "fields": {
      "title": "Create initial design mockups",
      "description": "Sketch main screens in Figma",
      "status": "in_progress",
      "assignee": 4,
      "deadline": "2025-09-14T18:00:00Z",
      "created_at": "2025-09-03T12:45:00Z",
      "updated_at": "2025-09-03T12:45:00Z",
      "project": 3,
      "tags": [4]
    }
  },
  {
    "model": "projects.task",
    "pk": 8,
    "fields": {
      "title": "Prepare design handoff",
      "description": "Export assets and specs for developers",
      "status": "todo",
      "assignee": 5,
      "deadline": "2025-09-16T18:00:00Z",
      "created_at": "2025-09-03T12:50:00Z",
      "updated_at": "2025-09-03T12:50:00Z",
      "project": 3,
      "tags": [4,5]
    }
  },
  {
    "model": "projects.task",
    "pk": 9,
    "fields": {
      "title": "Review UI consistency",
      "description": "Check that all mockups follow design guidelines",
      "status": "todo",
      "assignee": 3,
      "deadline": "2025-09-18T18:00:00Z",
      "created_at": "2025-09-03T12:55:00Z",
      "updated_at": "2025-09-03T12:55:00Z",
      "project": 3,
      "tags": [3,4]
    }
  }
]

